{"sidebar-1":{"text-8":{"title":"","text":"<img src=\"http:\/\/travelwp.physcode.com\/wp-content\/uploads\/2016\/10\/sidebanner-ticketing.jpg\" \/>","filter":false,"widget-class":""},"text-9":{"title":"","text":"<img src=\"http:\/\/travelwp.physcode.com\/wp-content\/uploads\/2016\/10\/sidebanner-tour.png\" \/>","filter":false,"widget-class":""},"text-10":{"title":"","text":"<img src=\"http:\/\/travelwp.physcode.com\/wp-content\/uploads\/2016\/10\/hertz-sidebanner.jpg\" \/>","filter":false,"widget-class":""}},"top_bar_left":{"text-15":{"title":"","text":"<ul class=\"top_bar_info clearfix\">\r\n\t<li><i class=\"fa fa-clock-o\"><\/i>  Mon - Sat 8.00 - 18.00. Sunday CLOSED<\/li>\r\n<\/ul>","filter":false,"widget-class":""}},"top_bar_right":{"text-7":{"title":"","text":"<ul class=\"top_bar_info clearfix\">\r\n\t<li><i class=\"fa fa-phone\"><\/i> 0123456789<\/li>\r\n\t<li class=\"hidden-info\"><i class=\"fa fa-map-marker\"><\/i> 1010 Moon ave, New York, NY US<\/li> \r\n<\/ul>","filter":false,"widget-class":""},"travelwp_login_register_from-2":{"widget-class":"","title_form_login":"Login","title_form_register":"Register"}},"menu_right":{"travelwp_search_widget-2":{"widget-class":""}},"footer":{"text-2":{"title":"CONTACT","text":"<div class=\"footer-info\">\r\n<p>Lorem ipsum dolor sit amet, cons ectetueradipiscing elit, sed diam nonu my nibh euis motincidunt ut laoreetd\r\n<\/p>\r\n<ul class=\"contact-info\">\r\n<li><i class=\"fa fa-map-marker fa-fw\"><\/i> 1945 Washington, San Francisco<\/li>\r\n<li><i class=\"fa fa-phone fa-fw\"><\/i> +1 234 456 7890<\/li>\r\n<li><i class=\"fa fa-envelope fa-fw\"><\/i><a href=\"mailto:hello@siteinfo.com\"> hello@siteinfo.com<\/a>\r\n<\/li>\r\n<\/ul>\r\n<\/div>","filter":false,"widget-class":"col-sm-3"},"text-3":{"title":"INFORMATION","text":"<ul class=\"menu list-arrow\">\r\n<li><a href=\"#\">Press Centre<\/a><\/li>\r\n<li><a href=\"#\">Travel News<\/a><\/li>\r\n<li><a href=\"#\">About Us<\/a><\/li>\r\n<li><a href=\"#\">Privacy Policy<\/a><\/li>\r\n<li><a href=\"#\">Contact Us<\/a><\/li>\r\n<\/ul>","filter":false,"widget-class":"col-sm-3"},"text-4":{"title":"Our Menu","text":"<ul class=\"menu list-arrow\">\r\n<li><a href=\"#\">About us<\/a><\/li>\r\n<li><a href=\"#\">Career<\/a><\/li>\r\n<li><a href=\"#\">Terms<\/a><\/li>\r\n<li><a href=\"#\">Privacy Policy<\/a><\/li>\r\n<li><a href=\"#\">Contact<\/a><\/li>\r\n<\/ul>","filter":false,"widget-class":"col-sm-3"},"text-11":{"title":"Instagram","text":"[instagram-feed]","filter":false,"widget-class":"col-sm-3 custom-instagram"}},"copyright":{"text-5":{"title":"","text":"<ul class=\"footer_menu\">\r\n\t<li><a href=\"#\">Terms of Use<\/a><\/li>\r\n\t<li>|<\/li>\r\n\t<li><a href=\"#\">Privacy Policy<\/a><\/li>\r\n\t<li>|<\/li>\r\n\t<li><a href=\"https:\/\/twitter.com\/physcode\"><i class=\"fa fa-twitter\"><\/i><\/a><\/li>\r\n\t<li><a href=\"https:\/\/www.facebook.com\/physcode\/\"><i class=\"fa fa-facebook\"><\/i><\/a><\/li>\r\n\t<li><a href=\"https:\/\/www.instagram.com\/physcode\/\"><i class=\"fa fa-instagram\"><\/i><\/a><\/li>\r\n<\/ul>","filter":false,"widget-class":""}},"sidebar-shop":{"text-12":{"title":"","text":"<img src=\"http:\/\/travelwp.physcode.com\/wp-content\/uploads\/2016\/10\/sidebanner-ticketing.jpg\" \/>","filter":false,"widget-class":""},"text-13":{"title":"","text":"<img src=\"http:\/\/travelwp.physcode.com\/wp-content\/uploads\/2016\/10\/sidebanner-tour.png\" \/>","filter":false,"widget-class":""},"text-14":{"title":"","text":"<img src=\"http:\/\/travelwp.physcode.com\/wp-content\/uploads\/2016\/10\/hertz-sidebanner.jpg\" \/>","filter":false,"widget-class":""}},"single_tour":{"travelwp_tour_register-2":{"tour_cat":"","orderby":"date","order":"desc","tour_id":"262,260,261","number_post":"3","display_mode":"","widget-class":""}},"sidebar-tour-phys":{"tb_search_widget_phys-3":{"widget-class":""},"travelwp_tour_register-3":{"tour_cat":"","orderby":"date","order":"desc","tour_id":"262,260,261","number_post":"3","display_mode":"","widget-class":""}}}